"","ApalisBarthroated","ApalisYellowbreasted","BabblerArrowmarked","BarbetAcaciaPied","BarbetBlackcollared","BarbetCrested","BatisCape","BatisChinspot","BeeeaterEuropean","BeeeaterLittle","BeeeaterWhitefronted","BitternDwarf","BoubouSouthern","BrownbulTerrestrial","Brubru","BulbulDarkcapped","BuntingCinnamonbreasted","BuntingGoldenbreasted","BushshrikeGorgeous","BushshrikeGreyheaded","BushshrikeOrangebreasted","BustardBlackbellied","ButtonquailCommon(Kurrichane)","BuzzardLizard","CamaropteraGreenbacked","CanaryYellowfronted","ChatMockingCliff","CisticolaCroaking","CisticolaRattling","CisticolaRedfaced","CisticolaZitting","CormorantWhitebreasted","CoucalBlack","CoucalBurchells","CrombecLongbilled","CuckooBlack","CuckooDiederik","CuckooGreatSpotted","CuckooJacobin","CuckooKlaass","DoveCapeTurtle(Ringnecked)","DoveEmeraldspottedWood","DoveLaughing","DrongoForktailed","DuckKnobbilled","DuckWhitefacedWhistling","EagleAfricanFish","EagleBrownSnake","EagleTawny","EgretGreat","EremomelaBurntnecked","EremomelaYellowbellied","FalconAmur","FirefinchAfrican","FirefinchJamesons","FlycatcherAfricanDusky","FlycatcherAfricanParadise","FlycatcherAshy","FlycatcherFiscal","FlycatcherGreyTit","FlycatcherSouthernBlack","FlycatcherSpotted","FrancolinCoqui","FrancolinCrested","FrancolinShelleys","GoawaybirdGrey","GooseEgyptian","GooseSpurwinged","GoshawkDarkChanting","GoshawkGabar","GrebeGreatCrested","GrebeLittle","GreenbulSombre","GuineafowlCrested","GuineafowlHelmeted","Hamerkop","HawkAfricanHarrier","HelmetshrikeWhitecrested","HeronBlackheaded","HeronGoliath","HeronGrey","HoneyguideGreater","HoopoeAfrican","HornbillAfricanGrey","HornbillSouthernGround","HornbillSouthernRedbilled","HornbillSouthernYellowbilled","IbisHadeda(Hadada)","IndigobirdDusky","IndigobirdPurple","IndigobirdVillage","KingfisherBrownhooded","KingfisherWoodland","KiteBlackwinged","KorhaanRedcrested","LapwingBlacksmith","LapwingCrowned","LapwingWhitecrowned","LarkFlappet","LarkSabota","MousebirdRedfaced","MousebirdSpeckled","Neddicky","NightjarFierynecked","OrioleBlackheaded","OwletPearlspotted","OxpeckerRedbilled","ParrotBrownheaded","PendulinetitGrey","PetroniaYellowthroated","PigeonAfricanGreen","PriniaTawnyflanked","PuffbackBlackbacked","PytiliaGreenwinged","QueleaRedbilled","RobinchatRedcapped","RobinchatWhitebrowed","RobinWhitebrowedScrub","RollerEuropean","RollerLilacbreasted","SandgrouseDoublebanded","ScimitarbillCommon","Shikra","ShrikeLesserGrey","ShrikeMagpie","ShrikeRedbacked","ShrikeSouthernWhitecrowned","SparrowSouthernGreyheaded","SpurfowlNatal","SpurfowlSwainsons","StarlingBurchells","StarlingCapeGlossy(Cape)","StarlingGreaterBlueeared","StarlingVioletbacked","StorkBlack","StorkWoollynecked","SunbirdScarletchested","SunbirdWhitebellied","SwallowBarn","SwiftAfricanPalm","TchagraBlackcrowned","TchagraBrowncrowned","ThickkneeWater","ThrushGroundscraper","ThrushKurrichane","TitSouthernBlack","TuracoPurplecrested","VultureWhitebacked","WagtailAfricanPied","WagtailCape","WarblerStierlingsWren","WarblerWillow","WaxbillBlue","WaxbillCommon","WaxbillVioleteared","WeaverRedbilledBuffalo","WeaverSouthernMasked","WeaverSpectacled","WhydahLongtailedParadise","WidowbirdFantailed","WidowbirdRedcollared","WidowbirdWhitewinged","WoodhoopoeGreen","WoodpeckerBearded","WoodpeckerCardinal","WoodpeckerGoldentailed"
"G_1_2012",0,0,10,0,0,2,0,7,0,0,0,0,0,0,0,0,0,0,0,1,0,0,0,0,1,5,0,0,2,0,0,0,0,0,6,0,0,0,0,0,4,0,0,1,0,0,0,0,0,0,0,0,0,0,0,0,0,0,0,0,0,0,0,11,0,6,0,0,0,0,0,0,0,0,0,0,0,0,0,0,0,0,0,0,0,1,0,0,0,0,0,0,0,0,0,0,12,0,0,0,4,1,1,0,3,1,0,0,0,0,0,0,0,0,1,0,0,0,0,0,0,0,0,0,0,0,0,4,0,0,0,8,0,0,0,0,0,1,0,0,1,0,0,0,0,15,0,0,0,1,0,0,19,0,0,0,2,0,0,0,0,0,8,2,1,0
"G_1_2023",0,0,9,0,0,5,0,11,2,0,0,0,1,0,1,2,0,0,0,0,0,0,0,0,0,2,0,0,9,0,0,0,0,0,2,0,1,0,0,0,7,1,0,1,0,0,0,0,0,0,1,0,0,0,1,0,0,0,0,0,0,0,0,2,0,1,0,0,0,0,0,0,0,0,0,0,0,0,0,0,0,0,0,0,0,0,0,0,0,0,0,0,4,1,0,0,0,0,0,0,9,0,0,0,0,0,0,0,0,0,0,2,1,0,0,0,0,0,0,0,0,0,0,0,0,0,0,1,0,1,0,3,0,2,0,0,0,0,0,0,2,0,0,0,0,2,0,0,0,0,0,0,6,0,1,0,0,0,1,0,0,0,0,1,2,0
"G_1_2024",0,0,0,0,2,2,4,3,0,0,0,0,0,0,0,0,0,0,0,0,0,0,0,0,0,3,0,0,7,0,0,0,0,0,1,0,0,0,0,0,4,0,0,5,0,0,0,0,1,0,0,0,0,1,0,0,0,0,0,0,0,0,0,0,0,3,0,0,0,0,0,0,0,0,0,0,0,0,0,0,0,0,0,0,0,0,0,0,0,0,0,0,2,0,0,0,0,0,0,0,0,0,0,0,1,0,0,7,0,0,0,0,0,2,0,0,1,0,0,0,0,0,0,0,0,1,0,1,0,0,0,2,0,0,0,0,0,0,0,0,3,0,0,0,0,4,0,0,0,0,0,0,9,2,0,0,0,0,0,0,0,0,0,3,2,0
"G_10_2012",0,1,8,0,1,2,0,7,0,0,0,0,0,0,1,0,0,1,0,0,0,0,0,0,0,0,0,0,5,0,0,0,0,0,5,0,0,0,0,0,0,2,0,3,0,0,0,0,0,0,0,0,0,0,0,0,0,0,0,0,0,0,1,6,0,9,0,0,0,0,0,0,0,0,0,0,0,0,0,0,0,0,0,0,0,0,3,0,0,0,0,0,0,0,3,0,4,0,0,0,0,0,0,0,8,4,1,0,0,0,0,0,0,0,0,0,0,0,0,1,0,0,0,0,7,0,1,0,0,0,0,33,0,0,0,0,0,0,0,0,1,6,0,0,0,7,0,0,0,0,0,0,0,0,0,0,0,0,0,0,0,0,6,3,1,0
"G_10_2023",0,0,0,0,0,2,0,3,0,0,0,0,0,0,2,0,0,1,0,1,0,0,0,0,0,2,0,0,11,0,0,0,0,1,3,0,0,0,0,0,9,5,0,2,0,0,0,0,0,0,0,0,0,0,0,0,0,3,0,0,0,0,0,4,0,0,0,0,0,0,0,0,0,0,0,0,0,0,0,0,0,0,0,0,0,0,0,0,0,0,0,0,9,0,0,0,0,0,0,0,0,0,0,0,5,0,0,0,0,0,0,0,0,0,0,0,0,0,0,0,1,1,0,0,0,0,0,2,5,4,0,0,0,3,0,0,0,0,0,0,1,2,0,0,0,2,0,0,0,0,3,0,4,0,0,0,0,2,0,0,0,0,0,0,0,0
"G_10_2024",0,0,5,0,1,1,0,5,3,0,0,0,0,0,0,0,0,0,0,0,3,0,0,0,0,0,0,0,12,0,0,0,0,0,0,0,0,0,0,0,0,0,0,7,0,0,0,0,0,0,0,0,0,0,0,1,0,0,0,0,0,1,0,1,0,0,0,0,0,0,0,0,0,0,0,0,0,4,0,0,0,0,0,0,0,0,0,0,0,0,0,2,1,0,0,0,0,0,0,0,0,0,0,1,5,0,1,0,0,0,0,0,0,0,0,0,1,3,0,1,0,3,0,0,2,2,0,0,1,0,0,2,0,0,0,0,0,0,8,0,4,2,0,0,0,3,0,0,0,0,0,0,3,0,0,0,0,0,0,0,0,0,0,0,0,0
"G_11_2012",0,0,16,0,0,0,0,3,0,0,0,0,0,0,0,0,0,1,0,0,0,1,0,0,3,1,0,0,7,0,0,0,0,0,5,0,0,0,0,0,9,0,0,2,0,0,0,0,0,0,0,0,0,0,0,0,0,0,0,0,0,0,0,14,0,4,2,0,0,0,0,0,0,0,0,0,0,0,0,0,0,0,0,2,2,0,5,0,0,0,0,0,0,0,3,0,8,0,0,0,8,0,0,0,7,2,2,1,0,0,0,3,0,0,0,0,0,0,0,0,0,0,0,0,7,0,0,1,0,1,0,30,0,0,0,0,0,0,0,0,0,0,0,0,0,1,0,0,0,0,0,0,1,0,0,0,0,0,0,0,0,0,4,1,0,0
"G_11_2023",0,0,0,0,0,0,0,2,0,0,0,0,0,0,1,0,0,0,0,0,0,0,0,0,0,1,0,0,6,0,0,0,0,1,1,0,0,0,0,0,5,1,0,0,1,0,0,0,0,0,0,0,0,0,0,0,0,0,0,0,0,0,0,2,0,0,0,0,0,0,0,0,0,0,0,0,0,0,0,0,0,0,0,0,0,2,2,0,0,0,0,0,1,0,1,0,0,0,0,1,0,0,0,0,0,0,1,0,0,0,0,0,0,0,0,0,0,0,0,2,0,0,0,0,0,4,0,0,3,3,0,1,0,0,0,0,0,0,0,0,3,0,0,0,0,0,0,0,0,0,0,0,1,0,0,0,0,0,1,0,0,1,0,1,0,0
"G_11_2024",0,1,5,0,0,0,0,5,5,0,0,0,0,0,0,0,0,0,0,0,0,0,0,0,0,2,0,0,14,0,0,0,0,0,3,0,0,0,0,0,0,1,0,1,0,0,0,0,0,0,0,0,0,0,0,0,0,0,0,0,1,1,0,0,0,0,1,0,0,0,0,0,0,0,0,1,0,0,0,0,0,0,2,0,0,0,2,0,0,0,0,0,1,0,0,0,0,0,0,0,0,0,0,0,2,0,4,0,0,0,0,0,1,0,0,0,0,0,0,2,0,0,0,0,2,0,0,0,1,0,0,2,0,0,0,0,0,0,0,0,5,0,0,0,1,0,0,0,0,0,0,0,3,11,0,0,0,0,0,0,0,0,0,0,0,0
"G_12_2012",0,1,14,0,0,0,0,7,0,0,0,0,0,0,2,0,0,4,0,0,0,0,0,0,2,0,0,0,1,0,0,0,0,0,4,0,0,0,0,0,3,0,0,1,0,0,0,0,0,0,0,0,0,0,0,0,0,0,0,0,0,0,0,10,0,3,0,0,0,1,0,0,0,0,0,0,0,0,0,0,0,0,0,3,0,0,8,0,0,0,0,0,0,0,2,0,5,0,0,0,0,0,1,0,6,3,2,0,0,0,0,2,0,0,0,0,0,0,0,0,0,0,0,0,0,0,0,4,0,1,0,3,0,0,0,0,0,0,0,0,0,0,0,0,0,2,0,0,0,0,0,0,0,0,0,0,0,0,0,0,0,0,4,2,0,0
"G_12_2023",0,0,0,1,1,2,0,4,0,0,0,0,0,0,0,0,1,1,0,1,0,0,0,0,0,3,0,0,7,0,2,0,0,2,5,0,0,0,0,0,7,1,0,4,0,0,0,0,0,0,0,0,0,0,0,0,1,0,0,0,0,0,1,0,0,0,0,0,0,0,0,0,0,0,0,0,0,0,0,0,0,0,1,0,0,1,0,0,2,0,1,1,1,0,0,0,0,0,0,0,0,0,0,0,2,0,1,0,0,0,1,1,1,1,0,0,0,0,0,0,0,0,0,0,0,4,2,1,1,1,1,12,0,2,0,0,0,0,1,0,3,0,0,0,0,1,0,0,0,0,4,2,9,0,0,0,0,0,0,0,3,0,0,3,0,0
"G_13_2012",0,1,13,0,0,0,0,8,0,0,0,0,0,0,3,1,0,4,0,0,0,0,0,0,1,15,0,0,10,0,0,2,0,0,4,0,0,0,0,0,2,0,0,5,0,0,0,0,0,0,0,0,0,0,0,0,0,0,0,0,0,0,0,6,0,6,0,0,1,0,0,0,0,0,0,0,0,0,0,0,0,0,0,3,0,0,4,0,0,0,0,0,0,0,0,0,0,0,0,0,0,7,0,0,3,2,0,0,0,0,0,0,0,0,35,0,0,0,0,1,0,0,0,0,6,0,0,0,1,1,5,1,0,0,0,0,0,0,0,0,0,1,0,0,0,5,0,0,0,0,0,0,4,0,0,0,0,0,0,0,0,0,0,4,1,0
"G_13_2023",0,0,4,0,1,1,0,5,2,4,0,0,0,0,1,0,0,0,0,0,0,0,0,0,0,0,0,0,7,0,6,0,0,0,2,0,0,0,0,0,3,2,0,4,0,0,0,0,0,0,0,0,0,0,0,0,0,0,0,0,4,0,0,0,0,1,0,0,0,0,0,0,0,0,0,0,0,0,0,0,0,0,0,1,0,0,4,0,0,0,0,0,2,0,0,0,0,0,0,0,0,0,0,0,3,0,1,1,0,0,0,0,0,0,0,0,0,0,0,1,0,1,0,0,0,2,0,0,0,1,6,3,0,0,0,0,0,0,9,0,4,1,0,0,0,3,0,0,0,0,0,0,5,0,0,1,0,0,0,0,0,0,5,0,0,0
"G_13_2024",0,0,0,0,2,2,0,3,5,0,0,0,0,0,0,0,0,0,0,0,1,0,0,0,0,7,0,0,10,0,0,0,0,0,4,0,0,0,0,0,0,0,0,1,0,0,0,0,0,0,0,0,0,0,0,0,0,0,0,0,0,0,0,2,0,1,0,0,0,0,0,0,0,0,0,0,0,0,0,0,0,0,0,2,0,0,0,0,0,0,0,0,1,0,0,0,0,0,0,1,5,0,0,0,1,0,1,0,0,0,0,0,0,0,20,0,0,1,0,0,0,0,0,0,6,0,0,3,0,0,0,9,1,0,0,0,0,0,1,0,1,0,0,0,0,0,0,0,0,0,0,0,17,10,0,0,0,3,0,0,0,0,0,1,0,0
"G_14_2012",0,2,10,0,0,5,0,6,0,0,0,0,0,0,4,0,0,1,0,0,0,0,0,0,1,1,0,0,4,0,0,0,0,0,7,0,0,0,0,0,9,0,0,3,0,0,0,0,0,0,0,0,0,0,0,0,0,0,0,0,0,0,1,23,0,12,0,0,0,0,0,0,0,0,1,0,0,0,0,0,0,0,0,1,0,0,3,0,0,0,0,0,0,0,1,0,0,0,0,0,0,0,0,0,8,0,2,0,0,0,0,1,0,0,0,0,0,0,0,0,0,1,0,0,7,0,0,0,1,1,5,4,0,0,0,0,0,0,0,0,0,2,0,0,0,5,0,0,0,0,0,0,7,0,0,0,0,0,0,0,0,0,5,5,0,0
"G_14_2023",0,0,6,0,0,1,0,1,2,0,0,0,0,0,0,0,0,0,0,1,0,0,0,0,0,0,0,0,4,0,6,0,0,3,0,1,0,0,0,0,10,1,0,0,0,0,0,0,0,0,0,0,0,0,0,0,0,0,0,0,0,0,1,0,0,0,0,0,0,0,0,0,0,0,0,0,0,0,0,0,0,0,0,0,0,0,1,0,0,0,0,0,3,0,0,0,0,0,0,1,0,0,0,0,0,0,0,0,0,0,0,0,0,0,0,0,0,0,0,3,0,5,0,0,1,8,0,1,1,2,0,2,0,0,0,0,0,0,2,0,1,0,0,0,0,0,0,0,0,0,0,0,2,0,0,0,0,0,0,1,0,0,0,0,0,0
"G_15_2012",0,2,3,0,0,3,0,3,0,0,0,0,1,0,0,2,0,1,0,0,0,0,0,0,1,0,0,0,10,0,0,0,0,0,2,0,0,0,0,0,1,0,0,1,0,0,0,0,0,0,0,0,0,0,0,0,0,0,0,0,0,0,0,14,0,7,0,0,0,0,0,0,1,0,0,0,0,0,0,0,0,0,0,6,0,0,9,0,0,0,0,0,0,0,0,0,0,0,0,0,6,0,1,0,3,1,12,0,0,0,1,0,0,0,0,0,0,0,0,1,0,0,0,0,1,0,0,1,0,0,0,0,0,0,0,0,0,0,0,0,0,2,0,0,0,2,0,0,0,0,0,0,2,0,0,0,0,0,0,0,0,0,6,1,1,0
"G_15_2023",0,0,5,2,4,0,0,5,0,0,0,0,0,0,3,0,0,0,0,1,0,0,0,0,0,6,0,0,14,0,0,0,0,0,0,0,0,0,0,0,2,4,0,1,0,0,0,0,0,0,0,0,0,0,1,0,0,0,0,0,3,3,1,4,0,1,0,0,0,0,0,0,0,0,0,0,0,0,0,0,0,0,0,0,0,0,0,0,0,0,0,0,4,0,0,0,0,0,0,0,0,0,0,0,2,0,0,0,4,3,0,0,3,0,0,0,0,0,0,0,0,0,0,0,0,0,0,0,0,1,1,2,0,0,0,0,0,0,0,0,1,1,0,0,0,5,0,0,0,0,0,3,6,0,0,0,0,0,1,0,0,0,3,2,0,0
"G_16_2012",0,0,10,0,0,2,0,7,0,0,0,0,1,0,0,0,0,3,0,0,0,0,1,0,2,0,0,0,4,0,0,0,0,0,1,0,0,0,0,0,6,1,0,4,0,0,0,0,0,0,0,0,0,0,0,0,0,0,0,0,0,0,0,9,0,14,0,0,0,0,0,0,0,0,0,0,0,0,0,0,0,0,0,3,0,0,0,0,0,0,0,0,0,0,0,0,0,0,1,0,0,0,0,0,2,1,3,0,0,0,0,0,0,0,30,0,0,0,0,0,0,0,0,0,2,0,0,0,0,0,2,11,0,0,0,0,0,0,0,0,0,2,0,0,0,4,0,0,0,0,0,0,15,0,0,0,12,0,0,0,0,0,2,3,1,0
"G_16_2023",0,0,0,0,0,0,0,1,0,0,0,0,0,0,0,2,0,0,0,1,1,0,0,0,0,1,0,0,11,0,0,0,0,0,0,0,1,0,1,0,7,4,0,0,0,0,0,0,0,0,0,0,0,0,0,0,0,0,0,0,0,0,0,0,0,0,0,0,0,0,1,0,0,0,0,0,0,0,0,0,0,0,0,0,0,1,0,0,0,0,0,1,5,0,0,0,0,0,0,0,2,0,0,0,0,0,3,0,0,0,0,0,1,2,0,0,0,0,0,0,0,1,0,0,0,3,0,0,0,1,2,18,0,1,0,0,0,0,1,0,4,0,0,0,0,0,0,0,0,0,0,0,8,0,0,0,0,0,1,0,0,6,0,0,0,0
"G_2_2012",0,2,18,0,1,2,0,5,0,0,0,0,1,0,2,0,0,0,0,0,0,1,0,0,0,0,0,0,1,0,0,0,0,0,8,0,0,0,0,0,1,0,0,1,0,0,0,0,0,0,0,0,0,0,0,0,0,0,0,0,0,0,0,5,0,6,0,0,0,0,0,0,0,0,0,0,0,3,0,0,0,0,0,1,0,0,7,0,0,0,0,0,0,0,2,0,0,0,0,0,4,0,0,0,4,1,2,0,0,0,0,0,0,0,8,0,0,0,0,1,0,0,1,0,0,0,0,0,3,1,0,0,0,0,0,0,0,0,0,0,0,0,0,0,0,4,0,0,0,0,0,0,5,0,0,0,0,0,0,0,0,0,3,0,1,0
"G_2_2023",0,0,0,1,0,0,0,4,1,1,0,0,0,0,1,0,0,0,0,0,0,0,0,0,0,0,0,0,15,0,0,0,0,3,4,0,0,0,1,0,7,5,0,0,1,0,0,0,0,0,0,0,0,0,0,0,0,0,0,0,0,0,0,2,0,0,0,0,0,0,0,0,0,0,0,0,0,0,0,0,0,0,0,1,0,1,4,0,0,0,0,0,1,0,0,0,0,0,0,0,6,0,0,0,0,0,0,0,0,0,0,0,0,0,0,0,0,0,0,1,0,0,0,0,0,2,0,2,4,3,4,4,0,2,0,0,0,0,0,0,3,1,0,0,0,0,0,0,0,0,0,0,4,0,0,0,0,0,0,0,0,0,0,0,0,0
"G_2_2024",1,0,0,0,2,0,0,1,0,0,0,0,1,0,0,0,0,0,0,0,0,0,0,0,0,1,0,0,8,0,0,0,0,0,0,0,0,0,0,0,2,1,0,2,0,0,0,0,0,0,0,0,0,2,0,0,0,0,0,0,0,0,0,0,0,2,0,0,0,0,0,0,0,0,0,0,0,0,0,0,0,1,0,0,0,0,12,0,0,0,0,0,0,0,0,0,0,0,0,0,0,0,0,0,1,0,10,0,0,0,0,1,0,0,0,0,3,1,0,2,0,1,0,0,2,5,0,0,0,0,0,3,0,0,0,0,0,0,0,0,2,0,0,0,0,0,0,0,0,0,0,0,0,1,0,0,0,0,0,0,0,0,0,0,0,0
"G_3_2012",0,2,25,0,0,0,0,7,0,0,0,0,0,0,3,0,0,2,0,0,0,0,0,0,0,2,0,0,11,0,0,0,0,0,7,0,0,0,0,0,0,0,0,4,0,0,0,0,0,0,1,0,0,0,0,0,0,0,0,0,0,0,0,10,0,11,0,0,0,0,0,0,0,0,0,0,0,0,0,0,0,0,0,1,1,0,2,0,0,0,0,0,0,0,1,0,4,0,0,0,0,0,0,0,6,1,1,0,0,0,0,0,0,0,0,0,0,0,0,1,0,0,0,0,2,0,0,0,1,0,0,3,0,0,0,0,0,0,0,0,0,3,0,0,0,5,0,0,0,0,0,0,2,0,0,0,15,0,0,0,0,0,9,5,2,0
"G_3_2023",0,0,4,0,0,0,0,3,5,0,0,0,0,0,0,0,0,0,0,0,0,0,0,0,0,0,0,0,28,0,0,0,0,3,1,0,0,0,0,0,5,6,0,4,0,0,0,0,0,0,0,0,0,0,0,0,0,0,0,0,0,0,0,0,0,0,0,0,0,0,0,0,0,0,0,0,0,0,0,0,0,0,0,0,0,0,7,0,0,0,0,0,1,2,0,0,0,0,0,0,0,0,0,0,0,0,0,0,0,1,0,0,0,2,0,0,0,0,0,1,0,0,0,0,0,2,0,0,7,4,4,0,0,0,0,0,0,0,3,0,5,2,0,0,0,0,0,0,0,0,0,0,2,0,0,0,0,0,4,0,0,0,0,0,0,0
"G_4_2012",0,2,12,0,0,2,0,6,0,0,0,0,0,0,0,0,0,1,0,0,1,0,0,0,2,0,0,0,7,0,0,0,0,0,7,0,0,0,0,0,0,0,0,1,0,0,0,0,0,0,0,0,0,0,0,0,0,0,0,0,0,0,0,7,0,14,0,0,0,0,0,0,0,0,0,0,0,0,0,0,0,0,0,3,2,0,6,0,0,0,0,0,0,0,0,0,19,0,0,0,0,0,0,0,6,1,1,0,0,0,0,0,0,0,0,0,0,0,0,1,0,0,0,0,0,0,0,0,1,0,0,16,0,0,0,0,0,0,0,0,0,1,0,0,0,1,0,0,0,0,0,0,2,0,0,0,0,0,0,0,0,0,0,2,0,0
"G_4_2023",0,0,9,0,0,0,0,0,0,0,0,0,4,0,0,0,0,0,0,1,2,0,0,0,0,2,0,0,7,0,0,0,0,1,0,0,0,0,0,0,6,5,0,0,0,0,0,0,0,0,0,0,0,0,0,0,0,0,0,0,0,0,0,4,0,0,0,0,0,0,0,0,0,0,0,0,0,0,0,0,0,0,0,0,0,0,0,0,0,0,0,0,5,0,0,0,0,0,0,0,6,0,0,0,2,0,0,0,0,0,0,0,0,0,0,0,0,0,12,3,0,0,0,0,0,2,0,0,2,2,8,0,0,0,0,0,0,0,0,0,2,0,0,0,0,0,0,0,0,0,0,0,10,0,0,7,0,2,0,0,0,1,0,0,0,0
"G_4_2024",0,0,5,0,0,2,0,5,0,0,0,0,0,0,1,0,0,0,0,2,0,0,0,0,0,0,0,0,5,0,0,0,0,0,0,0,0,0,0,0,0,0,0,1,0,0,0,0,0,0,0,0,0,0,0,0,0,0,0,0,0,0,0,1,0,1,0,0,0,0,0,0,0,0,8,0,0,0,0,0,0,0,0,0,2,0,4,0,0,0,0,0,0,0,0,0,0,0,0,0,0,0,0,0,2,0,0,0,0,0,0,0,1,0,0,0,2,3,0,0,0,1,0,0,4,1,0,3,0,0,0,1,0,0,0,0,0,0,0,0,5,1,0,1,0,0,0,0,0,0,0,0,3,2,0,0,0,0,0,0,0,0,0,1,0,0
"G_5_2012",0,2,16,0,0,0,0,10,0,0,0,0,0,0,0,0,0,1,0,1,2,0,0,0,3,0,0,0,0,0,0,0,0,0,6,0,0,0,0,0,1,4,0,2,0,0,0,0,0,0,1,0,0,0,0,0,0,0,0,0,0,0,0,8,1,5,0,0,0,0,0,0,3,0,0,0,0,0,0,0,0,0,0,1,0,0,4,0,0,0,0,0,0,0,0,0,1,0,0,0,0,0,0,0,4,2,0,0,0,0,0,0,0,0,0,0,0,0,0,0,0,0,0,0,0,0,0,0,4,0,0,0,0,0,0,0,0,0,0,0,0,3,0,0,0,2,0,0,0,0,0,0,0,0,0,0,0,0,0,0,0,0,4,4,1,0
"G_5_2023",0,0,10,0,1,2,0,2,0,0,0,0,1,0,1,0,0,0,0,3,3,0,0,0,1,0,0,0,3,0,0,0,0,0,4,0,0,0,0,1,6,8,0,0,0,0,0,0,0,0,0,0,0,0,0,1,1,0,0,0,0,0,0,1,0,0,0,0,0,0,0,0,1,0,0,0,0,0,0,0,0,0,0,0,0,0,0,0,0,0,1,1,3,0,0,0,0,0,0,0,0,0,0,0,2,0,0,0,0,0,0,0,2,0,0,0,0,0,0,0,0,0,0,0,0,1,0,0,1,0,2,1,0,0,0,0,0,0,1,0,3,0,0,0,0,0,0,0,0,0,3,0,7,0,0,0,0,0,0,0,0,0,0,0,1,0
"G_6_2012",0,4,25,0,0,0,0,13,0,0,0,0,3,0,3,1,0,7,0,1,0,0,0,0,6,2,0,0,25,0,0,0,0,0,8,0,0,0,0,0,2,4,0,6,0,0,0,0,0,0,3,4,0,0,0,0,0,0,0,0,0,0,0,13,0,24,0,0,0,0,0,0,0,0,4,0,0,0,0,0,0,0,0,1,0,0,1,0,0,0,0,0,0,0,1,0,1,0,0,0,4,0,0,0,9,2,7,0,0,0,0,4,0,0,0,0,0,0,0,2,0,0,1,0,3,0,0,3,4,0,0,14,0,0,0,0,0,0,0,0,5,7,0,0,0,2,0,0,0,0,0,0,23,0,0,0,1,0,0,0,0,0,4,5,0,1
"G_6_2023",0,0,0,0,3,1,0,7,12,0,0,0,0,0,2,0,0,0,0,0,0,0,0,0,0,0,4,0,15,0,1,0,0,1,1,1,0,0,0,0,4,3,0,2,0,0,0,0,0,0,0,0,0,0,0,0,0,0,0,0,0,0,0,1,0,1,0,0,0,0,0,0,0,0,0,0,0,0,0,0,0,0,0,0,0,0,3,0,0,0,0,0,3,0,0,0,0,0,0,0,5,0,0,0,2,0,6,0,0,0,0,1,0,0,0,0,0,0,0,1,0,0,0,0,0,5,0,2,1,2,0,6,0,3,0,0,0,3,4,0,0,1,0,0,0,0,0,0,0,0,0,0,0,0,0,0,0,0,0,0,6,8,0,0,0,0
"G_7_2023",0,0,0,5,0,1,0,7,1,2,0,0,2,0,4,2,0,0,0,0,3,0,0,0,0,1,0,0,19,0,0,0,0,1,1,1,0,0,0,0,0,5,4,7,0,0,0,0,0,0,0,0,0,0,0,1,0,0,0,0,4,0,0,0,0,0,0,0,0,0,0,0,0,0,0,0,0,0,0,0,0,0,0,0,0,0,0,0,0,0,0,0,0,0,0,0,0,0,0,0,10,0,0,0,0,0,1,0,0,2,0,0,1,0,0,0,0,0,0,0,0,2,0,0,0,1,0,1,6,1,0,8,0,0,0,0,0,0,2,0,2,0,0,0,0,0,0,0,0,0,0,0,0,0,0,0,0,0,2,0,2,1,3,0,0,0
"G_7_2024",0,0,0,0,1,1,0,7,5,0,0,0,0,0,1,0,0,0,0,0,0,0,0,0,2,2,0,0,1,0,0,0,0,0,1,0,0,0,0,0,1,0,0,4,0,0,0,0,0,0,0,0,0,0,0,0,0,0,0,1,3,0,0,2,0,2,0,0,0,0,0,0,0,0,0,0,0,0,0,0,0,0,0,0,0,0,0,0,0,0,0,1,1,0,0,0,0,0,0,0,3,0,0,0,5,0,4,2,0,1,0,0,0,3,0,0,0,1,0,0,0,0,0,3,0,0,0,0,1,0,0,0,0,0,0,0,0,0,1,0,1,0,0,2,1,0,0,0,0,0,0,0,3,0,0,0,0,0,0,0,0,0,0,0,0,0
"G_8_2012",0,0,21,0,0,0,0,11,0,0,0,0,1,0,0,0,0,2,0,0,0,0,0,0,1,0,0,0,8,0,0,0,0,0,8,0,0,0,0,0,0,0,0,1,0,0,0,0,0,0,0,1,0,0,0,0,0,0,0,0,0,0,0,5,0,6,0,0,0,0,0,0,1,0,0,0,0,6,0,0,0,0,0,1,0,0,0,0,0,0,0,0,0,0,1,0,0,0,0,0,1,0,0,0,6,0,0,0,0,0,0,0,0,1,0,0,0,0,0,1,0,0,0,0,0,0,0,0,3,0,0,82,0,0,0,0,0,0,0,0,1,3,0,0,0,1,0,0,0,0,0,0,0,0,0,0,0,0,0,0,0,0,4,1,0,0
"G_8_2023",0,0,5,0,0,3,0,2,4,0,0,0,0,0,2,3,0,0,0,1,3,0,0,1,0,0,0,0,7,0,0,0,0,1,1,0,0,0,1,1,3,8,0,1,0,0,0,0,0,0,0,0,0,0,0,1,0,0,0,0,0,0,0,0,0,0,0,0,0,0,0,0,0,0,0,0,0,0,1,0,0,0,0,0,2,0,0,0,0,0,0,0,2,0,0,0,0,0,0,0,1,0,0,0,4,0,2,0,0,0,0,0,1,0,0,0,0,0,0,0,0,1,0,0,0,0,0,1,3,0,0,2,0,1,0,0,3,3,0,0,2,1,0,0,0,2,0,0,0,0,0,0,5,0,0,0,0,0,0,0,0,1,0,0,0,1
"G_9_2012",0,0,21,0,0,0,0,5,0,0,0,0,0,0,2,0,0,0,0,0,0,0,0,0,0,1,0,0,1,0,0,0,0,0,2,0,0,0,0,0,1,0,0,1,0,0,0,0,0,0,0,0,0,0,0,0,0,0,0,0,0,0,0,7,0,5,0,1,0,0,0,0,0,0,0,0,0,0,0,0,0,0,0,0,0,0,0,0,0,0,0,0,0,0,0,0,0,0,0,0,3,0,0,0,4,0,1,0,0,0,0,0,0,0,0,0,0,0,0,3,0,0,0,0,2,0,0,0,0,0,0,1,0,0,0,0,0,0,0,0,2,3,0,0,0,4,0,0,0,0,0,0,3,0,0,0,0,0,0,0,0,0,8,2,1,0
"G_9_2023",0,0,0,0,0,1,0,4,15,0,0,4,0,0,0,0,0,0,0,0,0,0,0,0,0,5,0,0,11,0,0,0,0,0,3,0,0,0,0,0,9,2,0,3,0,0,0,0,0,0,0,2,0,0,0,1,0,1,0,0,0,0,0,0,0,0,0,0,0,0,0,2,0,0,0,0,0,0,0,0,0,0,3,4,0,0,2,0,0,0,0,0,3,0,0,0,0,0,0,0,9,0,0,0,2,0,0,0,0,0,0,0,1,0,0,0,0,0,0,1,0,0,0,0,0,4,0,1,2,1,0,6,0,0,0,0,0,0,0,0,9,0,0,0,0,0,0,0,0,0,0,1,0,0,0,0,0,0,0,0,0,0,3,0,0,1
"G_9_2024",0,0,5,0,2,5,0,5,0,0,0,0,1,0,1,0,0,0,0,0,4,0,0,0,0,1,0,0,5,0,0,0,0,0,0,0,0,0,0,0,0,0,0,3,0,0,0,0,0,0,0,0,0,0,0,0,0,0,0,0,0,0,0,3,0,4,0,0,0,0,0,0,0,1,0,0,0,0,0,0,0,0,0,0,0,0,4,0,0,0,0,1,0,0,1,0,0,0,0,1,0,0,0,0,2,0,0,0,0,0,0,0,0,0,0,0,0,0,0,1,0,0,0,0,0,1,0,0,8,0,0,2,0,0,0,0,0,0,0,0,6,1,0,0,0,2,0,0,0,0,0,0,7,0,0,0,0,0,0,0,0,0,0,2,0,0
"R_10_2024",3,0,0,0,0,2,0,5,0,0,1,0,0,1,2,1,0,0,0,0,2,0,0,0,0,0,0,0,6,0,0,0,0,0,1,0,0,0,0,0,2,0,0,5,0,0,3,0,0,0,0,0,0,0,0,1,0,0,0,0,0,0,0,1,0,14,0,0,0,0,0,0,0,0,0,0,0,0,0,0,0,0,1,0,0,0,2,0,0,0,0,0,0,0,0,0,0,0,0,0,10,0,0,0,0,0,0,0,0,0,1,3,0,0,0,0,0,2,0,0,0,0,0,2,0,0,0,0,3,0,0,9,0,0,0,0,0,0,3,0,2,2,0,0,2,2,0,0,0,0,0,0,13,2,0,0,0,1,0,0,0,0,0,1,0,0
"R_10_2025",0,0,0,0,0,0,0,0,0,0,0,0,0,0,0,0,0,0,0,0,0,0,0,0,0,0,0,0,0,0,0,0,0,0,0,0,0,0,0,0,0,0,0,0,0,0,0,0,0,0,0,0,0,0,0,0,0,0,0,0,0,0,0,0,0,0,0,0,0,0,0,0,0,0,0,0,0,0,0,0,0,0,0,0,0,0,0,0,0,0,0,0,0,0,0,0,0,0,0,0,0,0,0,0,0,0,0,0,0,0,0,0,0,0,0,0,0,0,0,0,0,0,0,0,0,0,0,0,0,0,0,0,0,0,0,0,0,0,0,0,0,0,0,0,0,0,0,0,0,0,0,0,0,0,0,0,0,0,0,0,0,0,0,0,0,0
"R_11_2024",0,2,6,1,2,2,0,4,3,0,24,0,3,0,0,4,0,0,0,0,1,0,0,0,1,2,0,0,0,0,0,0,0,0,2,0,0,0,0,0,2,4,0,0,0,1,0,0,0,1,0,0,0,2,0,0,0,0,0,0,0,0,0,0,0,2,2,0,0,0,0,0,0,0,0,3,0,0,0,1,1,0,0,0,0,0,0,0,0,0,0,4,0,0,0,0,1,4,0,0,0,0,0,0,0,0,0,0,0,0,2,1,2,0,0,0,0,0,0,0,0,0,0,0,0,0,0,0,0,0,0,0,0,0,0,1,0,1,2,1,0,0,0,0,2,0,0,0,0,0,0,0,12,3,0,0,2,2,0,0,0,0,0,0,0,0
"R_11_2025",0,0,0,0,0,0,0,0,0,0,0,0,0,0,0,0,0,0,0,0,0,0,0,0,0,0,0,0,0,0,0,0,0,0,0,0,0,0,0,0,0,0,0,0,0,0,0,0,0,0,0,0,0,0,0,0,0,0,0,0,0,0,0,0,0,0,0,0,0,0,0,0,0,0,0,0,0,0,0,0,0,0,0,0,0,0,0,0,0,0,0,0,0,0,0,0,0,0,0,0,0,0,0,0,0,0,0,0,0,0,0,0,0,0,0,0,0,0,0,0,0,0,0,0,0,0,0,0,0,0,0,0,0,0,0,0,0,0,0,0,0,0,0,0,0,0,0,0,0,0,0,0,0,0,0,0,0,0,0,0,0,0,0,0,0,0
"R_12_2024",1,0,0,0,2,0,0,0,0,0,0,0,0,0,0,2,0,0,0,0,1,0,0,0,1,5,0,0,0,0,0,0,0,0,0,0,0,0,0,0,2,0,0,0,0,0,0,1,0,0,0,0,0,0,0,2,0,0,0,0,0,1,0,0,0,0,0,0,0,0,0,0,0,0,0,0,0,0,0,0,0,0,0,0,0,0,0,2,0,0,0,1,1,0,0,0,0,0,0,0,7,0,0,0,0,0,0,0,0,0,5,2,1,0,0,0,0,0,0,0,0,0,0,0,0,0,0,0,0,0,0,0,0,0,0,0,0,0,0,0,0,0,0,0,0,0,1,2,0,0,0,0,4,0,0,0,0,0,0,0,0,0,0,0,0,1
"R_12_2025",0,0,0,0,0,0,0,0,0,0,0,0,0,0,0,0,0,0,0,0,0,0,0,0,0,0,0,0,0,0,0,0,0,0,0,0,0,0,0,0,0,0,0,0,0,0,0,0,0,0,0,0,0,0,0,0,0,0,0,0,0,0,0,0,0,0,0,0,0,0,0,0,0,0,0,0,0,0,0,0,0,0,0,0,0,0,0,0,0,0,0,0,0,0,0,0,0,0,0,0,0,0,0,0,0,0,0,0,0,0,0,0,0,0,0,0,0,0,0,0,0,0,0,0,0,0,0,0,0,0,0,0,0,0,0,0,0,0,0,0,0,0,0,0,0,0,0,0,0,0,0,0,0,0,0,0,0,0,0,0,0,0,0,0,0,0
"R_13_2024",0,0,0,0,0,0,0,0,5,0,0,0,0,0,0,2,0,0,0,0,1,0,0,0,0,0,0,0,3,0,0,0,1,0,0,0,0,0,0,0,2,0,0,0,0,0,0,0,0,0,0,0,0,0,0,1,2,0,0,0,0,0,0,0,0,0,0,0,0,0,0,0,0,0,2,0,0,0,0,0,0,0,0,0,0,0,0,0,0,0,0,0,1,0,0,0,0,0,0,0,0,0,0,0,2,0,0,0,0,0,0,0,1,0,0,1,0,2,0,0,0,0,0,0,0,0,0,0,0,0,0,1,0,0,0,0,0,1,0,0,0,0,0,0,0,0,0,0,0,0,0,0,3,0,0,0,0,1,0,0,0,0,0,0,0,0
"R_13_2025",0,0,0,0,0,0,0,0,0,0,0,0,0,0,0,0,0,0,0,0,0,0,0,0,0,0,0,0,0,0,0,0,0,0,0,0,0,0,0,0,0,0,0,0,0,0,0,0,0,0,0,0,0,0,0,0,0,0,0,0,0,0,0,0,0,0,0,0,0,0,0,0,0,0,0,0,0,0,0,0,0,0,0,0,0,0,0,0,0,0,0,0,0,0,0,0,0,0,0,0,0,0,0,0,0,0,0,0,0,0,0,0,0,0,0,0,0,0,0,0,0,0,0,0,0,0,0,0,0,0,0,0,0,0,0,0,0,0,0,0,0,0,0,0,0,0,0,0,0,0,0,0,0,0,0,0,0,0,0,0,0,0,0,0,0,0
"R_2_2024",0,2,8,0,0,1,0,1,4,0,0,0,1,0,0,3,0,0,0,1,2,0,0,0,0,0,0,0,3,0,0,0,0,0,1,0,0,0,0,0,3,0,0,0,0,0,0,0,0,0,0,0,0,0,0,1,1,0,1,0,0,0,0,1,0,0,0,0,0,0,0,0,0,0,0,0,2,0,0,2,0,0,0,0,0,0,0,3,0,0,0,1,2,0,0,0,0,0,0,0,0,0,0,0,0,0,0,0,0,0,0,4,4,0,0,0,1,3,0,0,0,0,0,0,0,1,0,0,1,0,0,0,0,1,1,0,0,1,0,0,0,0,2,0,0,0,0,0,0,0,0,0,1,0,0,0,0,0,0,0,0,0,0,0,0,1
"R_2_2025",0,0,0,0,0,0,0,0,0,0,0,0,0,0,0,0,0,0,0,0,0,0,0,0,0,0,0,0,0,0,0,0,0,0,0,0,0,0,0,0,0,0,0,0,0,0,0,0,0,0,0,0,0,0,0,0,0,0,0,0,0,0,0,0,0,0,0,0,0,0,0,0,0,0,0,0,0,0,0,0,0,0,0,0,0,0,0,0,0,0,0,0,0,0,0,0,0,0,0,0,0,0,0,0,0,0,0,0,0,0,0,0,0,0,0,0,0,0,0,0,0,0,0,0,0,0,0,0,0,0,0,0,0,0,0,0,0,0,0,0,0,0,0,0,0,0,0,0,0,0,0,0,0,0,0,0,0,0,0,0,0,0,0,0,0,0
"R_3_2024",0,4,6,0,2,1,0,8,0,1,0,0,1,0,0,2,0,0,0,1,3,0,0,0,0,4,0,0,6,1,0,0,0,0,0,0,0,0,0,0,0,0,0,2,0,0,0,0,0,0,0,0,0,0,0,2,5,0,0,0,0,0,0,0,0,1,0,0,0,0,0,0,0,0,0,0,1,0,0,0,0,0,3,0,0,0,0,0,0,1,0,2,1,0,0,2,0,0,0,0,4,0,0,0,0,0,0,0,0,0,0,0,1,0,0,0,0,3,0,0,0,1,0,0,0,1,0,0,2,0,0,2,0,1,0,0,0,0,0,1,1,0,0,0,6,0,0,0,0,0,0,0,7,0,0,0,0,0,0,0,0,0,0,2,0,0
"R_3_2025",0,0,0,0,0,0,0,0,0,0,0,0,0,0,0,0,0,0,0,0,0,0,0,0,0,0,0,0,0,0,0,0,0,0,0,0,0,0,0,0,0,0,0,0,0,0,0,0,0,0,0,0,0,0,0,0,0,0,0,0,0,0,0,0,0,0,0,0,0,0,0,0,0,0,0,0,0,0,0,0,0,0,0,0,0,0,0,0,0,0,0,0,0,0,0,0,0,0,0,0,0,0,0,0,0,0,0,0,0,0,0,0,0,0,0,0,0,0,0,0,0,0,0,0,0,0,0,0,0,0,0,0,0,0,0,0,0,0,0,0,0,0,0,0,0,0,0,0,0,0,0,0,0,0,0,0,0,0,0,0,0,0,0,0,0,0
"R_8_2024",0,0,16,0,4,0,0,0,0,0,0,0,3,0,0,1,0,0,0,0,0,0,0,0,0,0,0,0,0,3,0,0,0,0,0,0,0,1,2,0,5,0,2,2,0,0,0,1,0,0,0,0,2,0,0,1,0,0,0,0,0,0,0,0,0,0,0,0,0,0,0,0,2,0,0,0,0,15,0,0,0,0,0,0,0,0,2,0,0,0,0,0,0,0,0,0,0,0,0,0,3,0,0,0,0,0,0,0,0,0,7,7,0,0,0,0,0,2,0,0,0,0,0,0,3,1,0,0,2,0,0,1,0,0,0,0,0,0,2,0,3,0,0,0,0,0,0,0,0,0,0,0,9,3,0,0,0,1,0,0,0,0,3,0,0,0
"R_8_2025",0,0,0,0,0,0,0,0,0,0,0,0,0,0,0,0,0,0,0,0,0,0,0,0,0,0,0,0,0,0,0,0,0,0,0,0,0,0,0,0,0,0,0,0,0,0,0,0,0,0,0,0,0,0,0,0,0,0,0,0,0,0,0,0,0,0,0,0,0,0,0,0,0,0,0,0,0,0,0,0,0,0,0,0,0,0,0,0,0,0,0,0,0,0,0,0,0,0,0,0,0,0,0,0,0,0,0,0,0,0,0,0,0,0,0,0,0,0,0,0,0,0,0,0,0,0,0,0,0,0,0,0,0,0,0,0,0,0,0,0,0,0,0,0,0,0,0,0,0,0,0,0,0,0,0,0,0,0,0,0,0,0,0,0,0,0
"R_9_2024",0,2,0,0,0,0,0,2,0,0,0,0,4,0,0,1,0,0,1,0,1,0,0,0,0,3,0,0,2,0,0,0,0,0,0,0,0,0,0,0,2,0,0,2,0,0,0,0,0,0,0,0,0,0,0,0,0,0,0,0,0,0,0,0,0,3,0,0,0,0,0,0,1,0,0,0,0,0,0,0,0,0,0,0,0,0,2,2,0,0,0,0,1,0,0,1,0,0,0,0,0,0,0,0,0,0,0,0,0,0,0,4,0,0,0,0,1,0,0,0,0,0,0,0,0,1,0,0,0,0,0,0,0,0,0,0,0,0,0,0,2,0,0,0,1,0,0,0,1,0,0,0,10,0,0,0,0,3,0,0,0,0,0,0,1,0
"R_9_2025",0,0,0,0,0,0,0,0,0,0,0,0,0,0,0,0,0,0,0,0,0,0,0,0,0,0,0,0,0,0,0,0,0,0,0,0,0,0,0,0,0,0,0,0,0,0,0,0,0,0,0,0,0,0,0,0,0,0,0,0,0,0,0,0,0,0,0,0,0,0,0,0,0,0,0,0,0,0,0,0,0,0,0,0,0,0,0,0,0,0,0,0,0,0,0,0,0,0,0,0,0,0,0,0,0,0,0,0,0,0,0,0,0,0,0,0,0,0,0,0,0,0,0,0,0,0,0,0,0,0,0,0,0,0,0,0,0,0,0,0,0,0,0,0,0,0,0,0,0,0,0,0,0,0,0,0,0,0,0,0,0,0,0,0,0,0
